<?xml version="1.0" encoding="UTF-8"?>
<addon id="plugin.video.magnet" name="Anonymous Torrents" provider-name="AnonymousTV" version="1.0.0">
    <requires>
        <!--<import addon="xbmc.python" version="3.0.0"/>-->
        <import addon="script.module.requests" version="2.22.0"/>
        <!-- <import addon="script.module.routing" version="0.2.3"/> -->
    </requires>
    <extension point="xbmc.python.pluginsource" library="navigation.py">
        <provides>video</provides>
    </extension>
    <extension point="xbmc.service" library="service.py"/>
    <extension point="xbmc.addon.metadata">
        <platform>all</platform>
        <license>Anonymous Torrents</license>

        <summary lang="en">Anonymous Torrents</summary>
        <description lang="en">Anonymous Torrents</description>
        <news>
        </news>
        <assets>
            <icon>icon.png</icon>
        </assets>
        <!-- <reuselanguageinvoker>true</reuselanguageinvoker> -->
    </extension>
</addon>